mpn,lcsc,lcsc_status,manufacturer,description,second_source,boards,qty,unit_100,unit_1k,unit_5k,unit_10k,ext_1k_INR,ext_10k_INR,sample_refs
ELH-470u450,,CLASS,Aishi,"470 µF 450 V snap-in 105 °C, −40 °C category (A11 rev C cold floor −30 °C) (split bus: 415 V max per half)","ChengX/Nichicon",acdc+dcdc,32,202.5,150,132,120,4800,3840,CDT00 CDT01 CDT02 CDT03 CDT04 CDB00 CDB01 CDB02 CDB03 CDB04 CDT10 CDT11
SG2M023120LJ,C5713523,SECOND-SOURCE,SiChain,"SiC MOSFET 1200 V 23 mΩ TO-247-4L (E44: the air-50 parallels a second per position — Q#H2/L2)","BASiC B3M020120ZL",dcdc,12,526.5,390,343.2,312,4680,3744,Q1H Q1L Q1H2 Q1L2 Q2H Q2L Q2H2 Q2L2 Q3H Q3L Q3H2 Q3L2
B3M010C075Z,C5713521,SECOND-SOURCE,BASiC,"SiC MOSFET 750 V 10 mΩ TO-247-4","SiChain 750V/10mΩ (RFQ)",acdc,12,445.5,330,290.4,264,3960,3168,QA0A2 QA0B2 QA0A QA0B QB0A2 QB0B2 QB0A QB0B QC0A2 QC0B2 QC0A QC0B
C4D20120D,C5713501,ORDERABLE,SiChain,"SiC JBS 1200 V 20 A TO-247-2 (secondary bridge)","CR Micro 1200V/20A",dcdc,24,121.5,90,79.2,72,2160,1728,D1A1 D1A2 D1A3 D1A4 D1B1 D1B2 D1B3 D1B4 D2A1 D2A2 D2A3 D2A4
IND-PFC-107u-50,,CUSTOM,custom (docs/magnetics.md D1 rev B),"PFC choke 165 µH class, 3× OD79 26µ sendust (Magnetics 0077908A7 / Chang Sung KS eq, catalog AL 37 nH/T² ±8%), N=39, 3×(6×1 mm) flat Cu 18 mm² (audit F4: the rev-A 13.75 mm²/N=36 failed its own Rdc and L lines against the real core) [D1-50 rev B: 5x T79 26u CATALOG core, N=24 +/-1 lot-trim (E51)]","POCO/DMEGC equiv core",acdc,1,1674,1240,1091.2,992,1240,992,LA0
IND-PFC-107u-50,,CUSTOM,custom (docs/magnetics.md D1 rev B),"PFC choke 165 µH class, 3× OD79 26µ sendust (Magnetics 0077908A7 / Chang Sung KS eq, catalog AL 37 nH/T² ±8%), N=39, 3×(6×1 mm) flat Cu 18 mm² (audit F4: the rev-A 13.75 mm²/N=36 failed its own Rdc and L lines against the real core)","POCO/DMEGC equiv core",acdc,1,1674,1240,1091.2,992,1240,992,LB0
IND-PFC-107u-50,,CUSTOM,custom (docs/magnetics.md D1 rev B),"PFC choke 165 µH class, 3× OD79 26µ sendust (Magnetics 0077908A7 / Chang Sung KS eq, catalog AL 37 nH/T² ±8%), N=39, 3×(6×1 mm) flat Cu 18 mm² (audit F4: the rev-A 13.75 mm²/N=36 failed its own Rdc and L lines against the real core)","POCO/DMEGC equiv core",acdc,1,1674,1240,1091.2,992,1240,992,LC0
QA01C-18,,REVIEW,MORNSUN,"iso gate-bias module +18/−4-configured (E23 rev B: modules PERMANENT — at 10k modules/yr (~90k+ pcs aggregated) module pricing ≤₹55 makes the custom-transformer ECO-1 net ≈ ₹0 with added EMC/mfg risk → ECO-1 RETIRED; O-11: drawn P18/COM/N4 dual-rail vs single-out suffix — the −4 V zener-split or a true dual-rail p/n MUST be resolved at §K, E5/E6 off-bias depends on it; R5-F: DC input 13.5–16.5 V vs V15 ≈15.0 V off the regulated 15.65 V aux — inside range, cross-regulation re-verify at EVT)","domestic iso-module eq (2nd source at RFQ)",acdc+dcdc,9,128.3,95,83.6,55,855,495,PSA0G PSB0G PSC0G PS1H PS1L PS2H PS2L PS3H PS3L
XFMR-LLC-2E70-50,,CUSTOM,custom (D3),"LLC section transformer 3× PQ50/50 PC95, 7:7:7, Lm 63 µH ±7% (E7 rev D2) — E60 copper rev: secondaries Cu foil 0.10 x 28 mm (Dowell Fr 1.27; the E51 0.20 mm computed 5.3), primary litz 2475x0.071 mm (Fr 1.32) [D3-50 rev B (E51): 2x E70/33/32 sets on B66372B2000T001, 5:5:5, Bpk 109 mT (the registered 3-set route needs a former that DOES NOT EXIST and still demands ~1.2x its window; 2-set 5:5:5 fits at 91% with compacted litz + foil secondaries), Fe 24.4 W/section -> transformer clamp bonds to the coldplate/extrusion web (E42/E44 magnetics-bond practice), leakage engineered 3 +/-0.7 uH — E60 copper rev: secondaries Cu foil 0.127 x 28 mm (Dowell-optimum; the E51 foil computed Rac/Rdc 5-7 vs the 1.35 row), primary litz 4370x0.071 mm (same area, Fr 1.3)]","PQ65 single-core variant",dcdc,1,1147.5,850,748,680,850,680,T1
XFMR-LLC-2E70-50,,CUSTOM,custom (D3),"LLC section transformer 3× PQ50/50 PC95, 7:7:7, Lm 63 µH ±7% (E7 rev D2) — E60 copper rev: secondaries Cu foil 0.10 x 28 mm (Dowell Fr 1.27; the E51 0.20 mm computed 5.3), primary litz 2475x0.071 mm (Fr 1.32)","PQ65 single-core variant",dcdc,1,1147.5,850,748,680,850,680,T2
XFMR-LLC-2E70-50,,CUSTOM,custom (D3),"LLC section transformer 3× PQ50/50 PC95, 7:7:7, Lm 63 µH ±7% (E7 rev D2) — E60 copper rev: secondaries Cu foil 0.10 x 28 mm (Dowell Fr 1.27; the E51 0.20 mm computed 5.3), primary litz 2475x0.071 mm (Fr 1.32)","PQ65 single-core variant",dcdc,1,1147.5,850,748,680,850,680,T3
NSI6611,C7470934,ORDERABLE,NOVOSENSE,"iso gate driver 10 A, DESAT/Miller(CLAMP wired, CB-12)/UVLO, SOIC-16","NSI6602B",acdc+dcdc,9,114.8,85,74.8,68,765,612,UA0G UB0G UC0G U1H U1L U2H U2L U3H U3L
GC4D20120D,C7435099,ORDERABLE,SiChain,"SiC JBS 1200 V 40 A TO-247-2 (exact p/n at RFQ)","BASiC B3D040120H",acdc,6,162,120,105.6,96,720,576,DA0T DA0B DB0T DB0B DC0T DC0B
DM-CHOKE-50,,CUSTOM,custom/POCO (D6 rev C — ENGINE-designed, dm-choke-design.mjs),"DM line choke, 60µ sendust stack, crest-biased L(Ipk) meets the per-variant LISN floor (E43: the inherited 22 µH could not exist at the crest on the drawn core — 7–8 µH at 82 A pk computed vs the 15 µH floor; engine rows: 30 kW 2×T48 N=7 foil 20 mm², 40 kW 2×T57 N=8 26.4 mm², 50 kW 3×T57 N=8 26.4 mm²) [D6-50 rev C: 3x T57 60u N=8, 26.4 mm2 — 12.9 uH @136 A pk (floor 11.4), 8.1 W [engine]]","DMEGC/Chang Sung eq cores",acdc,1,850.5,630,554.4,504,630,504,LDM1
DM-CHOKE-50,,CUSTOM,custom/POCO (D6 rev C — ENGINE-designed, dm-choke-design.mjs),"DM line choke, 60µ sendust stack, crest-biased L(Ipk) meets the per-variant LISN floor (E43: the inherited 22 µH could not exist at the crest on the drawn core — 7–8 µH at 82 A pk computed vs the 15 µH floor; engine rows: 30 kW 2×T48 N=7 foil 20 mm², 40 kW 2×T57 N=8 26.4 mm², 50 kW 3×T57 N=8 26.4 mm²)","DMEGC/Chang Sung eq cores",acdc,1,850.5,630,554.4,504,630,504,LDM2
DM-CHOKE-50,,CUSTOM,custom/POCO (D6 rev C — ENGINE-designed, dm-choke-design.mjs),"DM line choke, 60µ sendust stack, crest-biased L(Ipk) meets the per-variant LISN floor (E43: the inherited 22 µH could not exist at the crest on the drawn core — 7–8 µH at 82 A pk computed vs the 15 µH floor; engine rows: 30 kW 2×T48 N=7 foil 20 mm², 40 kW 2×T57 N=8 26.4 mm², 50 kW 3×T57 N=8 26.4 mm²)","DMEGC/Chang Sung eq cores",acdc,1,850.5,630,554.4,504,630,504,LDM3
HFE82V-20W/1000-24-HA-C5-1 (confirm frame),,DIRECT,Hongfa,"HV DC relay 20 A 1000 VDC w/ auxiliary contact (pre-insertion) — was HFE9, see R8","Panasonic AEV / TE EVC",dcdc,2,405,300,264,240,600,480,KPREA KPREB
AMC1311DWVR,C456277,ORDERABLE,TI/NOVOSENSE,"iso voltage-sense amp 0–2 V input (bus/bank/output senses, E25/CB-3; R4 note: on the 1311 class the symbol's pin-3 'VINN' is physically SHTDN — grounded = enabled, netlist correct, label carried from the shared iso-amp table)","NSI1311 class",acdc+dcdc,5,155.3,115,101.2,92,575,460,UIVBP UIVBM UIVOA UIVOB UIVOV
ISO5V-RFC-6K,C20613048,REVIEW,MORNSUN QA/URB-grade,"iso 15→5 V reinforced-rated (iso-sense floating bias, E25/HR-16 — same barrier argument per domain: AC star / DCN / BKAN / BKBN)","RECOM RxxP-R / certified eq",acdc+dcdc,6,128.3,95,83.6,65,570,390,PS5AC PS5BUS PSSH PS5BKA PS5BKB PSCAN
HF167F-250A-M,,REVIEW,Hongfa,"power relay ≥80 A/line w/ mirror contact (precharge bypass carries full line current — CB-8; SKU class via override; MR-25: contact-gap withstand & insulation group at the 475 VAC system + ~660 V pk precharge transient = §K line) [250 A class (91.6 A line = 37%)]","TE T9G / contactor option",acdc,1,702,520,457.6,416,520,416,KPRE1
HF167F-250A-M,,REVIEW,Hongfa,"power relay ≥80 A/line w/ mirror contact (precharge bypass carries full line current — CB-8; SKU class via override; MR-25: contact-gap withstand & insulation group at the 475 VAC system + ~660 V pk precharge transient = §K line)","TE T9G / contactor option",acdc,1,702,520,457.6,416,520,416,KPRE2
HFE82V-<rating>W/1000-24-HA-C5-1,,DIRECT,Hongfa,"HV DC relay 1000 V w/ mirror contact (E30 readback; current class per SKU; *2 = 120 kW paralleled pair, HR-19 — contact-R matched at assembly or 250 A-class, §K)","GIGAVAC eq",dcdc,1,621,460,404.8,368,460,368,KSER
HFE82V-<rating>W/1000-24-HA-C5-1,,DIRECT,Hongfa,"HV DC relay 1000 V w/ mirror contact (E30 readback; current class per SKU; *2 = 120 kW paralleled pair, HR-19 — contact-R matched at assembly or 250 A-class, §K)","GIGAVAC eq",dcdc,1,621,460,404.8,368,460,368,KPARA
HFE82V-<rating>W/1000-24-HA-C5-1,,DIRECT,Hongfa,"HV DC relay 1000 V w/ mirror contact (E30 readback; current class per SKU; *2 = 120 kW paralleled pair, HR-19 — contact-R matched at assembly or 250 A-class, §K)","GIGAVAC eq",dcdc,1,621,460,404.8,368,460,368,KPARB
HFE82V-<rating>W/1000-24-HA-C5-1,,DIRECT,Hongfa,"HV DC relay 1000 V w/ mirror contact (E30 readback; current class per SKU; *2 = 120 kW paralleled pair, HR-19 — contact-R matched at assembly or 250 A-class, §K) [2x 200 A paralleled (dual instance, E42)]","GIGAVAC eq",dcdc,1,621,460,404.8,368,460,368,KOUT
HFE82V-<rating>W/1000-24-HA-C5-1,,DIRECT,Hongfa,"HV DC relay 1000 V w/ mirror contact (E30 readback; current class per SKU; *2 = 120 kW paralleled pair, HR-19 — contact-R matched at assembly or 250 A-class, §K)","GIGAVAC eq",dcdc,1,621,460,404.8,368,460,368,KOUT2
AMC1350QDWVRQ1,C5214206,ORDERABLE,TI/NOVOSENSE,"iso voltage-sense amp ±5 V input (AC phase sense vs artificial star, E25)","NSI1300 class",acdc,3,182.3,135,118.8,108,405,324,UIVV1 UIVV2 UIVV3
IMW120R350M1H,C536285,ORDERABLE,CR Micro,"SiC FET 1200 V 5 A (bus discharge QDISF / bank bleeders QDISA-B, HR-15; R7-B/R8 gate spec for the PV-driven bleeders: Vth(max) ≤ 3.5 V, Igss ≤ 100 nA. The 6.8 MΩ load-line figure (≈5.8 V after leakage) is a 25 °C-ENDPOINT MODEL, not an all-temperature guarantee — VOM1271 Voc(typ) falls to ~5.4 V at 100 °C; declared bleed-interval local ambient ≤ 70 °C, and EVT loaded-Vgs/discharge measurement with the exact orderable FET gates the BOM freeze)","BASiC small 1200V",acdc+dcdc,3,162,120,105.6,96,360,288,QDISF QDISA QDISB
CMC-3PH-2mH-SKU,,CUSTOM,custom/Hongfa mag,"3-phase CM choke 2 mH nanocrystalline, line-current-rated winding per SKU (HR-18/D7). 30 kW: qualify Schaffner RT8131-63-2M8 (63 A/2.8 mH/600 VAC, 3-line nanocrystalline, Digi-Key) as catalog drop-in — audit; custom drawing stays the second source [D7-50 custom wind 95 A]","Schaffner RT8131-63-2M8 @30 kW",acdc,1,459,340,299.2,272,340,272,CMC1
CMC-3PH-2mH-SKU,,CUSTOM,custom/Hongfa mag,"3-phase CM choke 2 mH nanocrystalline, line-current-rated winding per SKU (HR-18/D7). 30 kW: qualify Schaffner RT8131-63-2M8 (63 A/2.8 mH/600 VAC, 3-line nanocrystalline, Digi-Key) as catalog drop-in — audit; custom drawing stays the second source","Schaffner RT8131-63-2M8 @30 kW",acdc,1,459,340,299.2,272,340,272,CMC2
PP-1u-1100,,CLASS,Faratronic,"1 µF 1100 V film (bus commutation/bank — HR-1: 830 V ≤ 76%)","Songtian",dcdc,5,91.8,68,59.8,54.4,340,272,CF0 CF1 CF2 CBAF CBBF
STUD-M8,,CLASS,local,"M8 stud terminal","M6 for signal PE",acdc+dcdc,12,37.8,28,24.6,22.4,336,269,JACL1 JACL2 JACL3 JPE JDCP JDCN JPEB JDCP JDCN JPEB JOUTP JOUTN
X1-4u7-530,,CLASS,Faratronic/Songtian,"X1 4.7 µF 530 VAC (E43: 3rd-DM-stage cap upsized 2.2→4.7 µF — attenuation is L·C and the cap is the cheap half; X-bleed τ 0.66 s ≤ 1 s through the RNS star)","Vishay 3386 X1 4.7µ",acdc,3,148.5,110,96.8,88,330,264,CX21 CX22 CX23
FUSE-gG-690V-160A,,CLASS,local/Bussmann,"gG fuse 690 VAC, 22×58 frame (rating per SKU — audit F6: 80 A @30 kW; the 63 A part ran 88% loaded at 55.9 A worst and NEGATIVE against the ~0.72× enclosed/+55 °C derate; holder must be the matching 22×58 base, NOT the 10×38 RT28-32)","SIBA",acdc,1,351,260,228.8,208,260,208,F1
FUSE-gG-690V-160A,,CLASS,local/Bussmann,"gG fuse 690 VAC, 22×58 frame (rating per SKU — audit F6: 80 A @30 kW; the 63 A part ran 88% loaded at 55.9 A worst and NEGATIVE against the ~0.72× enclosed/+55 °C derate; holder must be the matching 22×58 base, NOT the 10×38 RT28-32)","SIBA",acdc,1,351,260,228.8,208,260,208,F2
FUSE-gG-690V-160A,,CLASS,local/Bussmann,"gG fuse 690 VAC, 22×58 frame (rating per SKU — audit F6: 80 A @30 kW; the 63 A part ran 88% loaded at 55.9 A worst and NEGATIVE against the ~0.72× enclosed/+55 °C derate; holder must be the matching 22×58 base, NOT the 10×38 RT28-32)","SIBA",acdc,1,351,260,228.8,208,260,208,F3
PP-4u7-1200,,CLASS,Faratronic,"4.7 µF 1200 V film (output — HR-8: 1000 V = 83%)","—",dcdc,2,168.8,125,110,100,250,200,COF1 COF2
IND-TRIM-E70-50,,CUSTOM,custom (D2 rev C — GAPPED FERRITE),"resonant trim BIN SET 3.3/3.65/4.0/4.35 µH ±3% on 2× stacked PQ50/50 PC95-class (same core p/n as D3), N=4 litz 1350×0.1 mm (10.6 mm² — E52 margin rev: the frozen 1050×0.1 rode J 5.62 exactly at the 5.6 line; 1350 lands J 4.38/ΔT ~35 K AND is the same litz construction as the D3-30 primary — one spool), distributed gap ~3.3 mm ground per bin — audit F1: the rev-B sendust toroid at full 140 kHz AC swing computed ~43 W core loss vs a ~4 W tank budget and its L swung 2:1 over each cycle; powder cores are prohibited in this slot. Bin picked against measured transformer leakage so Lr(total)=7.0 µH (kitting per DFM step 3) [D2-50 rev D (E60): 2x E70/33/32 N=3, bins 2.8/3.0/3.2 uH, litz 2500x0.1 — Rac 1.61 mOhm, dT 31 K at the SER corner (no single-set option held 40 K); 1.1 kg; one drawing serves liquid AND air]","air-core (lossier, stray field)",dcdc,1,310.5,230,202.4,184,230,184,L1T
GD32G553VET7,,REVIEW,GigaDevice,"MCU Cortex-M33 216 MHz LQFP100 −40…105 °C (MR-12: V-suffix = 100-pin — the earlier RET6 was the 64-pin part; R5-I: ordering table lists ONLY VET7 (105 °C/216 MHz) and VET3 (125 °C/170 MHz) — the drawn VET6 was not a valid order code, silicon/pinout unchanged; full pin map regenerates at A6)","GD32G553VET3 (125 °C)",card,1,283.5,210,184.8,168,210,168,UCARD
PP-1u-600,,CLASS,Faratronic,"1 µF 600 V film (Vienna per-phase commutation, CB-9)","Songtian",acdc,6,43.2,32,28.2,25.6,192,154,CA0FP CA0FN CB0FP CB0FN CC0FP CC0FN
IND-TRIM-E70-50,,CUSTOM,custom (D2 rev C — GAPPED FERRITE),"resonant trim BIN SET 3.3/3.65/4.0/4.35 µH ±3% on 2× stacked PQ50/50 PC95-class (same core p/n as D3), N=4 litz 1350×0.1 mm (10.6 mm² — E52 margin rev: the frozen 1050×0.1 rode J 5.62 exactly at the 5.6 line; 1350 lands J 4.38/ΔT ~35 K AND is the same litz construction as the D3-30 primary — one spool), distributed gap ~3.3 mm ground per bin — audit F1: the rev-B sendust toroid at full 140 kHz AC swing computed ~43 W core loss vs a ~4 W tank budget and its L swung 2:1 over each cycle; powder cores are prohibited in this slot. Bin picked against measured transformer leakage so Lr(total)=7.0 µH (kitting per DFM step 3)","air-core (lossier, stray field)",dcdc,1,256.5,190,167.2,152,190,152,L2T
IND-TRIM-E70-50,,CUSTOM,custom (D2 rev C — GAPPED FERRITE),"resonant trim BIN SET 3.3/3.65/4.0/4.35 µH ±3% on 2× stacked PQ50/50 PC95-class (same core p/n as D3), N=4 litz 1350×0.1 mm (10.6 mm² — E52 margin rev: the frozen 1050×0.1 rode J 5.62 exactly at the 5.6 line; 1350 lands J 4.38/ΔT ~35 K AND is the same litz construction as the D3-30 primary — one spool), distributed gap ~3.3 mm ground per bin — audit F1: the rev-B sendust toroid at full 140 kHz AC swing computed ~43 W core loss vs a ~4 W tank budget and its L swung 2:1 over each cycle; powder cores are prohibited in this slot. Bin picked against measured transformer leakage so Lr(total)=7.0 µH (kitting per DFM step 3)","air-core (lossier, stray field)",dcdc,1,256.5,190,167.2,152,190,152,L3T
X1-2u2-530,,CLASS,Faratronic/Songtian,"X1 2.2 µF 530 VAC (delta across 475 VAC line-line — CB-1; inter-CMC stage)","Vishay 3386 X1",acdc,3,83.7,62,54.6,49.6,186,149,CX11 CX12 CX13
XFMR-AUX-FLY-D,,CUSTOM,custom (D4 rev D — E52),"aux flyback transformer ETD39 PC95, 110 W class, 342–860 V input, Np38/N24 6/N15 4/Naux 4 UNCHANGED, Lp 345 µH/AL 239 unchanged (E52 margin rev: ETD34's Bpk 0.30 T ran 85% of hot Bsat at Lp+10%+clamp — ETD39 Ae 125 mm² puts it at 0.233 T / 66% at tolerance; DCM proof and the 9/9 aux sim are Lp-based, unaffected; reinforced pri→sec barrier, 100% hipot 4 kV)","—",acdc,1,249.8,185,162.8,148,185,148,TAUX
GC4D10120H,C7435087,ORDERABLE,SiChain,"SiC JBS 1200 V 10 A TO-247-2 (RCD clamp)","CR Micro 1200V/10A",acdc,3,74.3,55,48.4,44,165,132,DA0C DB0C DC0C
C2M1000170D,C5713500,ORDERABLE,CR Micro/BASiC,"SiC FET 1700 V ~1 Ω (aux flyback, full-bus E26 rev C; TO-247 likely package — MR-23, footprint placeholder §40)","G3R1700 class",acdc,1,216,160,140.8,128,160,128,QAUX
SHUNT-50MV-167A,,CLASS,Isabellenhütte-eq/local,"manganin shunt, 50 mV @ 100 A (0.5 mΩ, Kelvin 4-terminal; R5-G: rated current now in the order code — per-SKU via skuOverride)","local manganin",dcdc,1,209.3,155,136.4,124,155,124,RSHO
MICROFIT3-40,,CLASS,Molex 43045-40 class (2x20),"40-way inter-board harness header, 5 A/contact (E40: the PFC bundle crosses here — PWM x3, 12 senses, AVMID+Kelvin, fans, precharge, EN/GATE_EN_A/FLT/DRV_RDY, V15/V24, 5 returns, shield)","JST VL / TE MicroMate 40",acdc+dcdc,2,97.2,72,63.4,57.6,144,115,JICA JICB
B72220S0551K101,,CLASS,TDK/Songtian,"MOV 550 VAC 20 mm (Δ line-line + series w/ GDT to PE)","Songtian eq",acdc,6,29.7,22,19.4,17.6,132,106,MOV1 MOV2 MOV3 MOVP1 MOVP2 MOVP3
CER-2k2-10W-AX,,CLASS,TE/local,"2.2 kΩ 10 W wirewound axial (bank bleeder chain, HR-15 — ≤65 J/pulse at 120 kW, τ 4–17 s to <60 V)","SQP10",dcdc,8,18.9,14,12.3,11.2,112,90,RBDA0 RBDA1 RBDA2 RBDA3 RBDB0 RBDB1 RBDB2 RBDB3
VY1472M63Y5UQ63V0,C499492,ORDERABLE,Songtian/Faratronic,"Y1 4.7 nF 440 VAC (L-PE / output-PE / DGND-PE — MR-4; DC use verify O-7)","TDK CD series",acdc+dcdc,6,21.6,16,14.1,12.8,96,77,CY1 CY2 CY3 CPET CYO1 CYO2
CT-LINE-2500-150A,,DIRECT,Talema (Salem, India),"line CT 2500:1, 100 A, ±1%, Ø14.6 mm window, 4 kV hipot, PCB pins (audit: catalog part closes the CT-100A REVIEW; rated for 33 Ω burden so the 27 Ω fitted value is inside spec; quote Talema direct at volume — Digi-Key retail is not the RFQ price) (E18/R3) [150 A class (Talema ACX-1150 catalog, linear to 200 A at 33 R); E60: F.01 195 A pk on 13 R = 2.66 V, observable to 311 A through the D1 soft-sat race]","ZEMCT/HCT class eq",acdc,1,128.3,95,83.6,76,95,76,CTA0
CT-LINE-2500-150A,,DIRECT,Talema (Salem, India),"line CT 2500:1, 100 A, ±1%, Ø14.6 mm window, 4 kV hipot, PCB pins (audit: catalog part closes the CT-100A REVIEW; rated for 33 Ω burden so the 27 Ω fitted value is inside spec; quote Talema direct at volume — Digi-Key retail is not the RFQ price) (E18/R3)","ZEMCT/HCT class eq",acdc,1,128.3,95,83.6,76,95,76,CTB0
CT-LINE-2500-150A,,DIRECT,Talema (Salem, India),"line CT 2500:1, 100 A, ±1%, Ø14.6 mm window, 4 kV hipot, PCB pins (audit: catalog part closes the CT-100A REVIEW; rated for 33 Ω burden so the 27 Ω fitted value is inside spec; quote Talema direct at volume — Digi-Key retail is not the RFQ price) (E18/R3)","ZEMCT/HCT class eq",acdc,1,128.3,95,83.6,76,95,76,CTC0
QA01C,C2757491,REVIEW,MORNSUN,"iso 15→18 V module ≥6 kVDC (bus-discharge driver bias, CB-11; insulation cert class §K)","B1518S-3WR3HD",acdc,1,128.3,95,83.6,60,95,60,PSQD
HV732BTTD4753F,C4121673,ORDERABLE,KOA/UniOhm,"475 kΩ 1206 1% anti-surge (HV divider — MR-3)","any anti-surge 1%",acdc+dcdc,64,1.9,1.4,1.2,1.1,90,70,RV1D0 RV1D1 RV1D2 RV1D3 RV1D4 RV1D5 RV1D6 RV1D7 RV2D0 RV2D1 RV2D2 RV2D3
PS122WF4702T4E,C2793932,REVIEW,KOA/UniOhm,"47 kOhm 2512 2 W anti-surge HV, Umax >= 250 V, 2-series per position (R3: 1.04 W worst case; a 1 W 2512 has sqrt(P*R)=217 V < 220 V at +10% bus) (HR-20: halves per-element V and W — ≤208 V / ≤0.92 W continuous)","any HV 2512",acdc+dcdc,22,5.4,4,3.5,3.2,88,70,RBALT0A RBALT0B RBALB0A RBALB0B RBALT1A RBALT1B RBALB1A RBALB1B RNS1A RNS1B RNS2A RNS2B
CONN-CARD-88-R,,CLASS,any 2×44 0.1in,"88-way 2×44 2.54 mm card interface, RECEPTACLE side (card), keyed, mates CONN-CARD-88-H","Samtec SSW-144-xx-x-D class",card,1,101.3,75,66,60,75,60,JCARD
VOM1271T,C146286,ORDERABLE,Vishay/eq,"photovoltaic MOSFET driver w/ integrated turn-off (bank bleeders — ECO-2a/E33 rev B: no floating supply needed, ms-class turn-on is the point)","TLP3906",dcdc,2,47.3,35,30.8,28,70,56,UPVA UPVB
NSI1200-DSWR,C3029747,ORDERABLE,NOVOSENSE,"iso shunt amplifier SOIC-8 (differential OUTP/OUTN both routed, MR-6)","AMC1200",dcdc,1,94.5,70,61.6,56,70,56,USHO
PP-27n-1200V,,CLASS,Faratronic,"46 nF 1200 V PP pulse film (resonant — CB-22: mpn now matches the frozen rev-D2 tank; Vrms ≈ 300 V @140 kHz → pulse-grade curve check O-8/§K)","Songtian pulse PP",dcdc,1,91.8,68,59.8,54.4,68,54,C1R0
PP-27n-1200V,,CLASS,Faratronic,"46 nF 1200 V PP pulse film (resonant — CB-22: mpn now matches the frozen rev-D2 tank; Vrms ≈ 300 V @140 kHz → pulse-grade curve check O-8/§K)","Songtian pulse PP",dcdc,1,91.8,68,59.8,54.4,68,54,C1R1
PP-27n-1200V,,CLASS,Faratronic,"46 nF 1200 V PP pulse film (resonant — CB-22: mpn now matches the frozen rev-D2 tank; Vrms ≈ 300 V @140 kHz → pulse-grade curve check O-8/§K)","Songtian pulse PP",dcdc,1,91.8,68,59.8,54.4,68,54,C1R2
PP-27n-1200V,,CLASS,Faratronic,"46 nF 1200 V PP pulse film (resonant — CB-22: mpn now matches the frozen rev-D2 tank; Vrms ≈ 300 V @140 kHz → pulse-grade curve check O-8/§K)","Songtian pulse PP",dcdc,1,91.8,68,59.8,54.4,68,54,C1R3
PP-27n-1200V,,CLASS,Faratronic,"46 nF 1200 V PP pulse film (resonant — CB-22: mpn now matches the frozen rev-D2 tank; Vrms ≈ 300 V @140 kHz → pulse-grade curve check O-8/§K)","Songtian pulse PP",dcdc,1,91.8,68,59.8,54.4,68,54,C1R4
PP-27n-1200V,,CLASS,Faratronic,"46 nF 1200 V PP pulse film (resonant — CB-22: mpn now matches the frozen rev-D2 tank; Vrms ≈ 300 V @140 kHz → pulse-grade curve check O-8/§K)","Songtian pulse PP",dcdc,1,91.8,68,59.8,54.4,68,54,C1R5
PP-27n-1200V,,CLASS,Faratronic,"46 nF 1200 V PP pulse film (resonant — CB-22: mpn now matches the frozen rev-D2 tank; Vrms ≈ 300 V @140 kHz → pulse-grade curve check O-8/§K)","Songtian pulse PP",dcdc,1,91.8,68,59.8,54.4,68,54,C1R6
PP-27n-1200V,,CLASS,Faratronic,"46 nF 1200 V PP pulse film (resonant — CB-22: mpn now matches the frozen rev-D2 tank; Vrms ≈ 300 V @140 kHz → pulse-grade curve check O-8/§K)","Songtian pulse PP",dcdc,1,91.8,68,59.8,54.4,68,54,C1R7
PP-27n-1200V,,CLASS,Faratronic,"46 nF 1200 V PP pulse film (resonant — CB-22: mpn now matches the frozen rev-D2 tank; Vrms ≈ 300 V @140 kHz → pulse-grade curve check O-8/§K)","Songtian pulse PP",dcdc,1,91.8,68,59.8,54.4,68,54,C2R0
PP-27n-1200V,,CLASS,Faratronic,"46 nF 1200 V PP pulse film (resonant — CB-22: mpn now matches the frozen rev-D2 tank; Vrms ≈ 300 V @140 kHz → pulse-grade curve check O-8/§K)","Songtian pulse PP",dcdc,1,91.8,68,59.8,54.4,68,54,C2R1
PP-27n-1200V,,CLASS,Faratronic,"46 nF 1200 V PP pulse film (resonant — CB-22: mpn now matches the frozen rev-D2 tank; Vrms ≈ 300 V @140 kHz → pulse-grade curve check O-8/§K)","Songtian pulse PP",dcdc,1,91.8,68,59.8,54.4,68,54,C2R2
PP-27n-1200V,,CLASS,Faratronic,"46 nF 1200 V PP pulse film (resonant — CB-22: mpn now matches the frozen rev-D2 tank; Vrms ≈ 300 V @140 kHz → pulse-grade curve check O-8/§K)","Songtian pulse PP",dcdc,1,91.8,68,59.8,54.4,68,54,C2R3
PP-27n-1200V,,CLASS,Faratronic,"46 nF 1200 V PP pulse film (resonant — CB-22: mpn now matches the frozen rev-D2 tank; Vrms ≈ 300 V @140 kHz → pulse-grade curve check O-8/§K)","Songtian pulse PP",dcdc,1,91.8,68,59.8,54.4,68,54,C2R4
PP-27n-1200V,,CLASS,Faratronic,"46 nF 1200 V PP pulse film (resonant — CB-22: mpn now matches the frozen rev-D2 tank; Vrms ≈ 300 V @140 kHz → pulse-grade curve check O-8/§K)","Songtian pulse PP",dcdc,1,91.8,68,59.8,54.4,68,54,C2R5
PP-27n-1200V,,CLASS,Faratronic,"46 nF 1200 V PP pulse film (resonant — CB-22: mpn now matches the frozen rev-D2 tank; Vrms ≈ 300 V @140 kHz → pulse-grade curve check O-8/§K)","Songtian pulse PP",dcdc,1,91.8,68,59.8,54.4,68,54,C2R6
PP-27n-1200V,,CLASS,Faratronic,"46 nF 1200 V PP pulse film (resonant — CB-22: mpn now matches the frozen rev-D2 tank; Vrms ≈ 300 V @140 kHz → pulse-grade curve check O-8/§K)","Songtian pulse PP",dcdc,1,91.8,68,59.8,54.4,68,54,C2R7
PP-27n-1200V,,CLASS,Faratronic,"46 nF 1200 V PP pulse film (resonant — CB-22: mpn now matches the frozen rev-D2 tank; Vrms ≈ 300 V @140 kHz → pulse-grade curve check O-8/§K)","Songtian pulse PP",dcdc,1,91.8,68,59.8,54.4,68,54,C3R0
PP-27n-1200V,,CLASS,Faratronic,"46 nF 1200 V PP pulse film (resonant — CB-22: mpn now matches the frozen rev-D2 tank; Vrms ≈ 300 V @140 kHz → pulse-grade curve check O-8/§K)","Songtian pulse PP",dcdc,1,91.8,68,59.8,54.4,68,54,C3R1
PP-27n-1200V,,CLASS,Faratronic,"46 nF 1200 V PP pulse film (resonant — CB-22: mpn now matches the frozen rev-D2 tank; Vrms ≈ 300 V @140 kHz → pulse-grade curve check O-8/§K)","Songtian pulse PP",dcdc,1,91.8,68,59.8,54.4,68,54,C3R2
PP-27n-1200V,,CLASS,Faratronic,"46 nF 1200 V PP pulse film (resonant — CB-22: mpn now matches the frozen rev-D2 tank; Vrms ≈ 300 V @140 kHz → pulse-grade curve check O-8/§K)","Songtian pulse PP",dcdc,1,91.8,68,59.8,54.4,68,54,C3R3
PP-27n-1200V,,CLASS,Faratronic,"46 nF 1200 V PP pulse film (resonant — CB-22: mpn now matches the frozen rev-D2 tank; Vrms ≈ 300 V @140 kHz → pulse-grade curve check O-8/§K)","Songtian pulse PP",dcdc,1,91.8,68,59.8,54.4,68,54,C3R4
PP-27n-1200V,,CLASS,Faratronic,"46 nF 1200 V PP pulse film (resonant — CB-22: mpn now matches the frozen rev-D2 tank; Vrms ≈ 300 V @140 kHz → pulse-grade curve check O-8/§K)","Songtian pulse PP",dcdc,1,91.8,68,59.8,54.4,68,54,C3R5
PP-27n-1200V,,CLASS,Faratronic,"46 nF 1200 V PP pulse film (resonant — CB-22: mpn now matches the frozen rev-D2 tank; Vrms ≈ 300 V @140 kHz → pulse-grade curve check O-8/§K)","Songtian pulse PP",dcdc,1,91.8,68,59.8,54.4,68,54,C3R6
PP-27n-1200V,,CLASS,Faratronic,"46 nF 1200 V PP pulse film (resonant — CB-22: mpn now matches the frozen rev-D2 tank; Vrms ≈ 300 V @140 kHz → pulse-grade curve check O-8/§K)","Songtian pulse PP",dcdc,1,91.8,68,59.8,54.4,68,54,C3R7
WW-470R-10W,,CLASS,local/TE,"470 Ω 10 W wirewound axial (Vienna clamp bleeder — HR-3/MR-19: 4.3 W worst-case at 43% of rating)","SQP10",acdc,3,29.7,22,19.4,17.6,66,53,RA0C RB0C RC0C
NSI1042-DSWR,C3445856,ORDERABLE,NOVOSENSE,"iso CAN transceiver SO-16 (R5-H HOLD CLOSED at R7: datasheet Rev 1.3 package drawing + pin table AGREE for the -DSWR suffix — VDD1=1, GND1=2/8, RXD=3, TXD=6, GND2=9/10/15, CANL=12, CANH=13, pin 11 NC — exactly the map the sheets already carry; external reviewer independently verified)","NSI1050-DSWR",dcdc,1,81,60,52.8,48,60,48,UCAN
CT-RES-1:100-100A,,DIRECT,Talema (Salem, India),"resonant CT 1:100, 50 A, 20–200 kHz, Ø8 mm pass-through — your tank conductor is the primary, so tank-potential insulation stays on your wire (audit: catalog part; alt Coilcraft CST2010-100L SMT 47 A/1 MHz sits at its 40 K rise at 46 A rms — needs airflow verify) [E42 class rev (Talema AS class RFQ); E60: F.11 145 A pk on 0.75 R = 2.74 V, observable to 216 A through the simulated race]","Coilcraft CST2010-100L",dcdc,1,74.3,55,48.4,44,55,44,CT1
CT-RES-1:100-100A,,DIRECT,Talema (Salem, India),"resonant CT 1:100, 50 A, 20–200 kHz, Ø8 mm pass-through — your tank conductor is the primary, so tank-potential insulation stays on your wire (audit: catalog part; alt Coilcraft CST2010-100L SMT 47 A/1 MHz sits at its 40 K rise at 46 A rms — needs airflow verify)","Coilcraft CST2010-100L",dcdc,1,74.3,55,48.4,44,55,44,CT2
CT-RES-1:100-100A,,DIRECT,Talema (Salem, India),"resonant CT 1:100, 50 A, 20–200 kHz, Ø8 mm pass-through — your tank conductor is the primary, so tank-potential insulation stays on your wire (audit: catalog part; alt Coilcraft CST2010-100L SMT 47 A/1 MHz sits at its 40 K rise at 46 A rms — needs airflow verify)","Coilcraft CST2010-100L",dcdc,1,74.3,55,48.4,44,55,44,CT3
GDT-3k5-20kA,,CLASS,Bourns/eq,"gas discharge tube 3.5 kV (L-PE surge path, HR-7)","Littelfuse CG3",acdc,3,24.3,18,15.8,14.4,54,43,GDT1 GDT2 GDT3
FILM-100n-250,,CLASS,Faratronic,"100 nF 250 V film (Vienna RCD clamp)","MLCC 250V",acdc,3,24.3,18,15.8,14.4,54,43,CA0C CB0C CC0C
SQP-10R-25W,,CLASS,local,"10 Ω 25 W wirewound pulse, axial (bank pre-insertion — HR-12: 94 J single-fault case)","—",dcdc,2,32.4,24,21.1,19.2,48,38,RPREA RPREB
CER-50W-33R-AX,,CLASS,TE/local,"33 Ω 25 W ceramic pulse resistor, axial (AC precharge; R5-G: the ohms now live in the ORDER CODE — a class-only p/n let purchasing buy any value; HR-14: pulse energy scales ×3.6 with SKU C — 50 W variant per-SKU via skuOverride; T-05) [50 W pulse class (E43: ~211 J/event at 1.88 mF link)]","SQP25 33R",acdc,1,60.8,45,39.6,36,45,36,RPRE1
CER-50W-33R-AX,,CLASS,TE/local,"33 Ω 25 W ceramic pulse resistor, axial (AC precharge; R5-G: the ohms now live in the ORDER CODE — a class-only p/n let purchasing buy any value; HR-14: pulse energy scales ×3.6 with SKU C — 50 W variant per-SKU via skuOverride; T-05)","SQP25 33R",acdc,1,60.8,45,39.6,36,45,36,RPRE2
CER-50W-160R-AX,,CLASS,TE/local,"160 Ω 25 W ceramic pulse resistor, axial (bus discharge string 4× in series; R5-G value-carrying order code; HR-14/T-05 as above) [50 W pulse class (E43: 162 J each at 1.88 mF link)]","SQP25 160R",acdc,1,60.8,45,39.6,36,45,36,RDIS0
CER-50W-160R-AX,,CLASS,TE/local,"160 Ω 25 W ceramic pulse resistor, axial (bus discharge string 4× in series; R5-G value-carrying order code; HR-14/T-05 as above)","SQP25 160R",acdc,1,60.8,45,39.6,36,45,36,RDIS1
CER-50W-160R-AX,,CLASS,TE/local,"160 Ω 25 W ceramic pulse resistor, axial (bus discharge string 4× in series; R5-G value-carrying order code; HR-14/T-05 as above)","SQP25 160R",acdc,1,60.8,45,39.6,36,45,36,RDIS2
CER-50W-160R-AX,,CLASS,TE/local,"160 Ω 25 W ceramic pulse resistor, axial (bus discharge string 4× in series; R5-G value-carrying order code; HR-14/T-05 as above)","SQP25 160R",acdc,1,60.8,45,39.6,36,45,36,RDIS3
CONN-CARD-88-H,,CLASS,any 2×44 0.1in,"88-way 2×44 2.54 mm card interface, PIN HEADER side (power board), keyed","Samtec TSW-144-xx-x-D class",dcdc,1,60.8,45,39.6,36,45,36,JB
TLP152,C17255258,ORDERABLE,Toshiba/eq,"opto gate driver (isolated bus-discharge control, default-OFF — CB-11)","1ED31xx lite",acdc,1,56.7,42,37,33.6,42,34,UQD
TPS3430WDRCR,C2870545,ORDERABLE,TI/eq,"external windowed watchdog SOT-23-6: VDD/GND/WDI/WDO/SET straps (HR-13 — symbol now carries supply + window pins; strap values per datasheet at A6/§K)","MAX6753",card,1,47.3,35,30.8,28,35,28,USUPCARD
TPS54202DDCR,C191884,ORDERABLE,TI/eq,"15→3.3 V 2 A sync buck SOT-23-6 (CB-17/18 — replaces the thermally-impossible 15 V-fed LDO; on the card since the split, exporting V3P3 over the 88-way)","MP2451/SY8113",acdc+card,2,20.3,15,13.2,12,30,24,UBKA UBKCARD
RC1206FR-7W4R7L,C859161,ORDERABLE,any thick-film HP,"gate resistor 1206, 0.5 W-rated (4.7/2.2 Ω per E5/E6 — MR-16: LLC R_on dissipates ~0.2 W at 140 kHz; standard 0.25 W part runs 80%) 4.7","2× 0805 parallel",acdc+dcdc,12,2.7,2,1.8,1.6,24,19,RA0GON RA0GOFF RB0GON RB0GOFF RC0GON RC0GOFF R1HON R1LON R2HON R2LON R3HON R3LON
NCP1252DDR2G,,ORDERABLE,onsemi,"current-mode flyback controller, RT-set 65 kHz (66.5 kΩ, datasheet Rev 9), SOIC-8. R6-G: D-suffix REPLACES the drawn A — the A version has a mandatory 120 ms pre-soft-start delay with only 1.0 V UVLO hysteresis, and the 940 k startup feed (0.59 mA) minus ICC (1.4–2.2 mA) crashes VCC in 28–60 ms → cold start would HICCUP FOREVER. D: no delay, VCC(on) 14 V / 5.0 V hysteresis, DCmax 45.6% vs the 22% worst duty this DCM flyback needs at the 321 V brown-in. Startup budget: ≈5.6 mA × 60 ms soft-start+takeover = 336 µC → CVCC ≥ 67 µF → 220 µF fitted (3× margin, cold-start ≈ 5–6 s at 565 V precharged bus — boot-time spec note, firmware-guide)","UCC28C43 + RT/CT & BO rework",acdc,1,32.4,24,21.1,19.2,24,19,UAUX
B4B-PH-K-S,C131334,ORDERABLE,JST,"fan header 4-way (fan p/n must accept 3.3 V PWM — MR-9; 3/4 fitted at 120 kW, HR-17)","any",acdc,4,8.1,6,5.3,4.8,24,19,JFAN1 JFAN2 JFAN3 JFAN4
CC0805KRX7R9BB104,,CLASS,any,"filter/decoupling MLCC 0402–0805 100nF (0805 land)","any",acdc+dcdc+card,47,0.7,0.5,0.4,0.4,24,19,CA0GBV CB0GBV CC0GBV CQD CV1VA CV1VB CV2VA CV2VB CV3VA CV3VB CBPVA CBPVB
US1M,C412437,ORDERABLE,Yageo/MDD,"1 kV 1 A fast diode SMA (DESAT chain)","M7/US1M any",acdc+dcdc,18,1.6,1.2,1.1,1,22,18,DA0GS1 DA0GS2 DB0GS1 DB0GS2 DC0GS1 DC0GS2 D1HS1 D1HS2 D1LS1 D1LS2 D2HS1 D2HS2
CC1812JKNPODBN101,C577319,ORDERABLE,any MLCC,"100 pF 1 kV C0G 1812 (Vienna snubber, E28 re-size: CV²f = 0.86 W)","film 630V",acdc,3,9.5,7,6.2,5.6,21,17,CA0SN CB0SN CC0SN
CRM2512-FX-10R0ELF,C840605,ORDERABLE,any,"10 Ω 2512 2 W (Vienna snubber — E28: 0.86 W actual)","any",acdc,3,8.1,6,5.3,4.8,18,14,RA0SN RB0SN RC0SN
ULN2803A,C2865085,ORDERABLE,any,"8-ch relay coil driver SOIC-18 (unused inputs grounded, MR-8)","TBD62083",acdc+dcdc,2,12.2,9,7.9,7.2,18,14,UPA ULB
LED-2DIG-0.56CC,C9900021773,REVIEW,any,"2-digit 7-seg 0.56" common-cathode (HMI)","any",dcdc,1,24.3,18,15.8,14.4,18,14,DISP1
RC0805FR-0710KL,C84376,ORDERABLE,any,"small-signal resistor 0402–0805 (pulls/filters/feedback) 10k","any",acdc+dcdc+card,43,0.5,0.4,0.4,0.3,17,13,RKFBP RA0GPD RB0GPD RC0GPD RQDPD RTPFCP RTINLP RBEFB RBKF2A RM24B RM15B RFT1
B2B-PH-K-S,C20504437,ORDERABLE,JST,"2-way header (NTC/term)","any",acdc+dcdc,5,4.1,3,2.6,2.4,15,12,JTPFC JTINL JTLLC JTXFR JTERM
R2512-HV,,CLASS,UniOhm,"2512 HV-rated (aux startup/brown-in/clamp — 2-series per 860 V)","any 500V-rated",acdc,6,3.4,2.5,2.2,2,15,12,RAUXST1 RAUXST2 RBR1A RBR1B RCLA1 RCLA2
CL05A105KO5NNNC,,CLASS,any,"1 µF 0805 (driver bias) 1uF (0402 land)","any",acdc+dcdc,18,1.1,0.8,0.7,0.6,14,11,CA0GB1 CA0GB2 CB0GB1 CB0GB2 CC0GB1 CC0GB2 C1HB1 C1HB2 C1LB1 C1LB2 C2HB1 C2HB2
ARG05BTC6801,C3033907,ORDERABLE,UniOhm,"divider bottom 0.1% (6.8 k unipolar / 11.5 k AC) 6.8k","any 0.1%",acdc+dcdc,5,3.4,2.5,2.2,2,13,10,RBPDL RBMDL ROADL ROBDL ROVDL
R0805-2R2,,CLASS,any thick-film,"per-device series gate R for paralleled SiC — BOTH branches incl. the original device (E41/E44 pairs; R5-E symmetry)","any",acdc+dcdc,24,0.7,0.5,0.4,0.4,12,10,RGA0A2 RGA0B2 RGA0A1 RGA0B1 RGB0A2 RGB0B2 RGB0A1 RGB0B1 RGC0A2 RGC0B2 RGC0A1 RGC0B1
GR227M035F12RR0VL4FP0,C45078,ORDERABLE,Aishi,"220 µF 35 V","any",acdc,3,5.4,4,3.5,3.2,12,10,CAUX24 CAUX15 CVCC
CYA0630-10UH,C5189958,ORDERABLE,any shielded,"10 µH 3 A shielded power inductor (3V3 buck)","any",acdc+card,2,8.1,6,5.3,4.8,12,10,LBKA LBKCARD
SR1206FR-7W2R2L,C873951,ORDERABLE,any thick-film HP,"gate resistor 1206, 0.5 W-rated (4.7/2.2 Ω per E5/E6 — MR-16: LLC R_on dissipates ~0.2 W at 140 kHz; standard 0.25 W part runs 80%) 2.2","2× 0805 parallel",dcdc,6,2.7,2,1.8,1.6,12,10,R1HOFF R1LOFF R2HOFF R2LOFF R3HOFF R3LOFF
74HC02D,,ORDERABLE,any,"quad NOR SOIC-14 (R4-8 + R5-D two-stage hardware S/P exclusion — KSER coil = KSER ∧ ¬(KPARA∨KPARB) ∧ ¬(KPREA∨KPREB); every destructive matrix state involves KSER, so both stages kill all of them)","74LVC02A",dcdc,2,8.1,6,5.3,4.8,12,10,UEXCL UEXCL2
TLV9061IDBVR,C398358,ORDERABLE,TI/3PEAK,"rail-to-rail op-amp (AVMID buffer, E31)","LMV321",card,1,16.2,12,10.6,9.6,12,10,UAVB
PP-10n-1200,,CLASS,Faratronic,"10 nF 1200 V film (aux RCD clamp)","MLCC 1kV ×2",acdc,1,12.2,9,7.9,7.2,9,7,CCLA
ACT45B-510-2P-TL003,C55213551,ORDERABLE,any,"CAN common-mode choke","any",dcdc,1,10.8,8,7,6.4,8,6,LCAN
B4B-PH-K-S,C131334,ORDERABLE,JST,"CAN connector 4-way","any",dcdc,1,10.8,8,7,6.4,8,6,JCAN
PZ254V-11-05P,C492404,ORDERABLE,any,"SWD/boot header (EOL programming — CB-13; LV-only test state §45)","TC2030 pads",card,1,10.8,8,7,6.4,8,6,JSWDCARD
74HC11,C5524384,ORDERABLE,any,"triple 3-input AND (gate-enable wired-AND, E27)","74LVC1G11 ×1",card,1,10.8,8,7,6.4,8,6,UANDCARD
RT0805BRD0711K5L,C865153,ORDERABLE,UniOhm,"divider bottom 0.1% (6.8 k unipolar / 11.5 k AC) 11.5k","any 0.1%",acdc,3,3.4,2.5,2.2,2,8,6,RV1DL RV2DL RV3DL
CC0805KRX7R9BB102,,CLASS,any,"filter/decoupling MLCC 0402–0805 1nF (0805 land)","any",acdc+dcdc+card,12,0.7,0.5,0.4,0.4,6,5,CA0F CB0F CC0F CBPDF CBMDF CFBF COADF COBDF COVDF CWDCARD CRSTCARD CFLTC
TAB-M4,,CLASS,local,"discharge FET heatsink tab stud","—",acdc,1,8.1,6,5.3,4.8,6,5,QDIS
US2G,C49263,ORDERABLE,MDD/Yageo,"400 V 2 A ultrafast SMB (aux 15 V / self-supply rectifiers — CB-19: PIV ≈ 157 V + ring)","MURS240",acdc,2,4.1,3,2.6,2.4,6,5,DAUX15 DAUXVC
STTH112U,C56792,ORDERABLE,MDD/eq,"1200 V 1 A fast diode SMB (aux RCD clamp)","US1M ×2 series",acdc,1,8.1,6,5.3,4.8,6,5,DCLA
TACT-6x6,C318884,REVIEW,any,"tactile switch 6×6 (HMI; pinout pairing VERIFY at BOM freeze, MR-10)","any",dcdc,2,4.1,3,2.6,2.4,6,5,SW1 SW2
US3M,C3039981,ORDERABLE,onsemi/MDD (MURS340 class),"400 V 3 A ultrafast, SMC pad (aux 24 V rectifier — CB-19: PIV ≈ 176 V + leakage ring; 100 V Schottky avalanched)","ES3 series 400 V",acdc,1,6.8,5,4.4,4,5,4,DAUX24
1N4148WS,C2128,ORDERABLE,any,"clamp diode SOD-323 (to 3V3)","BAS316",acdc+dcdc,12,0.5,0.4,0.4,0.3,5,4,DA0P DA0N DB0P DB0N DC0P DC0N D1CP D1CN D2CP D2CN D3CP D3CN
CL21B105KBFNNNE,C28323,ORDERABLE,any,"1 µF 0805 bulk on module-fed floating rails (R5-C: Bias5/shunt-amp/CAN 5 V) 1uF","any",acdc+dcdc,6,1.1,0.8,0.7,0.6,5,4,C5BAC C5BBUS CSHB C5BBKA C5BBKB CCB5
R0603-10k,,CLASS,any,"10 kΩ 0603 card-interface pull-down (board-side default-OFF on GATE_EN/EN/DO ways — CARD_RULES/E27)","any",acdc+dcdc,16,0.4,0.3,0.3,0.2,5,3,RPD0 RPD1 RPD2 RPD3 RPD4 RPD5 RPD6 RPDB0 RPDB1 RPDB2 RPDB3 RPDB4
RC0805FR-0710KL,C84376,ORDERABLE,any,"10 kΩ gate-source 10k","any",acdc+dcdc,9,0.7,0.5,0.4,0.4,5,4,RA0GGS RB0GGS RC0GGS R1HGS R1LGS R2HGS R2LGS R3HGS R3LGS
RC0805FR-07100RL,C105577,ORDERABLE,any,"small-signal resistor 0402–0805 (pulls/filters/feedback) 100","any",acdc+dcdc,10,0.5,0.4,0.4,0.3,4,3,RA0GDS RB0GDS RC0GDS RQDG R1HDS R1LDS R2HDS R2LDS R3HDS R3LDS
PESD1CAN,C143073,ORDERABLE,Nexperia/eq,"CAN TVS","any",dcdc,1,5.4,4,3.5,3.2,4,3,TVSCAN
74HC595,C19192516,ORDERABLE,any,"shift register SOIC-16 (HMI segments)","TPIC6C595",dcdc,1,5.4,4,3.5,3.2,4,3,USR1
CC0603KRX7R9BB104,C14663,ORDERABLE,any,"filter/decoupling MLCC 0402–0805 100nF","any",card,8,0.7,0.5,0.4,0.4,4,3,CCARDD0 CCARDD1 CCARDD2 CCARDD3 CCARDD4 CCARDA2 CCARDVR CSFCARD
SMBJ26A,C127562,ORDERABLE,any,"TVS 26 V uni SMB (V24 rail clamp — MR-17 FB-open fault)","any",acdc,1,4.1,3,2.6,2.4,3,2,DTVS24
SMBJ16A,C151859,ORDERABLE,any,"TVS 16 V uni SMB (V15 rail clamp — MR-17)","any",acdc,1,4.1,3,2.6,2.4,3,2,DTVS15
R2512-0R75-2W-1%,,CLASS,any,"1.2 Ω 1% 1 W 2512 resonant-CT burden (E60: F.11 85 A pk = 2.67 V at the comparator, observable to 135 A through the 3 µs internal-short race; 47.9 A rms worst → 0.28 W. History: CB-16 2.0 Ω/70 A sat AT the 30 kW operating peak) [E60: F.11 145 A pk = 2.74 V; 80.9 A rms → 0.49 W on the 2 W class]","2× 1206 2R4 parallel",dcdc,1,4.1,3,2.6,2.4,3,2,R1CT
R2512-0R75-2W-1%,,CLASS,any,"1.2 Ω 1% 1 W 2512 resonant-CT burden (E60: F.11 85 A pk = 2.67 V at the comparator, observable to 135 A through the 3 µs internal-short race; 47.9 A rms worst → 0.28 W. History: CB-16 2.0 Ω/70 A sat AT the 30 kW operating peak)","2× 1206 2R4 parallel",dcdc,1,4.1,3,2.6,2.4,3,2,R2CT
R2512-0R75-2W-1%,,CLASS,any,"1.2 Ω 1% 1 W 2512 resonant-CT burden (E60: F.11 85 A pk = 2.67 V at the comparator, observable to 135 A through the 3 µs internal-short race; 47.9 A rms worst → 0.28 W. History: CB-16 2.0 Ω/70 A sat AT the 30 kW operating peak)","2× 1206 2R4 parallel",dcdc,1,4.1,3,2.6,2.4,3,2,R3CT
RC0805FR-071KL,C95781,ORDERABLE,any,"small-signal resistor 0402–0805 (pulls/filters/feedback) 1k","any",acdc+dcdc,7,0.5,0.4,0.4,0.3,3,2,RA0F RB0F RC0F RCSF R1CF R2CF R3CF
PT1206FR-7W0R31L,C6148847,ORDERABLE,any current-sense,"0.31 Ω 1% 0.5 W 1206 current-sense (aux Ip clamp 3.2 A — was misclassified into the small-signal catch-all)","any CS 1206",acdc,1,3.4,2.5,2.2,2,3,2,RAUXCS
R-small,,CLASS,any,"small-signal resistor 0402–0805 (pulls/filters/feedback)","any",acdc+dcdc+card,6,0.5,0.4,0.4,0.3,2,2,RAUXRT REN2A RM24A RPVBA RPVBB REN2CARD
CC0805JRNPO9BN220,,CLASS,any,"22 pF 0603 C0G (DESAT blank, LLC ZVS turn-on — E60: 1.44 µs vs the 2 µs discrete-SiC SCWT class; the 100 pF computed 3.39 µs) 22pF (0805 land)","any C0G",dcdc,6,0.5,0.4,0.4,0.3,2,2,C1HBL C1LBL C2HBL C2LBL C3HBL C3LBL
R2010-1k-0.75W-1%,,CLASS,any thick-film,"1 kΩ 0.75 W 2010, PV-driver LED feed (R8: ≥10 mA guaranteed-point drive held to the 13.5 V rail floor; 0.24 W worst = 31%)","2× 510R 1206 series",dcdc,2,1.6,1.2,1.1,1,2,2,RPVLA RPVLB
RC0805FR-07220RL,,CLASS,any,"220 Ω segment 220 (0805 land)","any",dcdc,8,0.4,0.3,0.3,0.2,2,2,RSEG0 RSEG1 RSEG2 RSEG3 RSEG4 RSEG5 RSEG6 RSEG7
RC0805FR-07100KL,C96346,ORDERABLE,any,"small-signal resistor 0402–0805 (pulls/filters/feedback) 100k","any",acdc+card,5,0.5,0.4,0.4,0.3,2,2,RAUXG REN1A RENRCARD RENLCARD REN1CARD
S8050,C2146,ORDERABLE,CJ,"NPN SOT-23 (QAUXFB: R4-3 opto-emulating FB pull-down · QPVD: R7-B low-side switch for the PV-driver LEDs at the guaranteed 10 mA point)","MMBT2222",acdc+dcdc,4,0.5,0.4,0.4,0.3,2,1,QAUXFB QPVD QDIG1 QDIG2
CC0805KRX7R9BB103,,CLASS,any,"filter/decoupling MLCC 0402–0805 10nF (0805 land)","any",acdc,3,0.7,0.5,0.4,0.4,2,1,CV1DF CV2DF CV3DF
CL21A106KAYNNNE,C15850,ORDERABLE,any,"filter/decoupling MLCC 0402–0805 10uF","any",acdc+card,3,0.7,0.5,0.4,0.4,2,1,CBKIA CBKICARD CAVO
CC0805JRNPO9BN221,,CLASS,any,"filter/decoupling MLCC 0402–0805 220pF (0805 land)","any",dcdc,3,0.7,0.5,0.4,0.4,2,1,C1CF C2CF C3CF
CC0805JRNPO9BN470,,CLASS,any,"47 pF 0603 C0G (DESAT blank, Vienna hard turn-on — E60: NSI66x1A worst response 2.21 µs vs the 4.2 µs SCWT class, ≥0.8 µs blank) 47pF (0805 land)","any C0G",acdc,3,0.5,0.4,0.4,0.3,1,1,CA0GBL CB0GBL CC0GBL
RC0805FR-072K2L,C114561,ORDERABLE,any,"small-signal resistor 0402–0805 (pulls/filters/feedback) 2.2k","any",acdc+dcdc,3,0.5,0.4,0.4,0.3,1,1,RZFB RDIG1 RDIG2
RC1206FR-0713RL,,CLASS,any,"22 Ω line-CT burden 1% (E60: F.01 120 A pk = 2.71 V; observable to 184 A through the D1 soft-sat 3 µs race; 55 A rms → 0.48 V rms metering. History: R3 27 Ω saw only to 150 A) [E60 line-CT burden (F.01 195 A pk; the E42 21.5 R saw only to 187 A)] 13","any",acdc,1,1.6,1.2,1.1,1,1,1,RA0B
RC1206FR-0713RL,,CLASS,any,"22 Ω line-CT burden 1% (E60: F.01 120 A pk = 2.71 V; observable to 184 A through the D1 soft-sat 3 µs race; 55 A rms → 0.48 V rms metering. History: R3 27 Ω saw only to 150 A) 13","any",acdc,1,1.6,1.2,1.1,1,1,1,RB0B
RC1206FR-0713RL,,CLASS,any,"22 Ω line-CT burden 1% (E60: F.01 120 A pk = 2.71 V; observable to 184 A through the D1 soft-sat 3 µs race; 55 A rms → 0.48 V rms metering. History: R3 27 Ω saw only to 150 A) 13","any",acdc,1,1.6,1.2,1.1,1,1,1,RC0B
GRM21BR61C226ME44L,C86817,ORDERABLE,any,"filter/decoupling MLCC 0402–0805 22uF","any",acdc+card,2,0.7,0.5,0.4,0.4,1,1,CBKOA CBKOCARD
RC1206FR-071ML,,CLASS,any,"small-signal resistor 0402–0805 (pulls/filters/feedback) 1M (1206 land)","any",acdc+dcdc,2,0.5,0.4,0.4,0.3,1,1,RPET RCGB
RC0805FR-0715KL,C114559,ORDERABLE,any,"small-signal resistor 0402–0805 (pulls/filters/feedback) 15k","any",acdc+dcdc,2,0.5,0.4,0.4,0.3,1,1,RBR2 RROLEB
BZT52C15,,ORDERABLE,any,"15 V zener SOD-123 (R4-3: primary-side regulation reference — VCC regulates at VZ+VBE ≈ 15.7 V, aux winding tracks the rails)","MMSZ5245B",acdc,1,1.1,0.8,0.7,0.6,1,1,DZAUX
RC0805FR-0745K3L,C273885,ORDERABLE,any,"small-signal resistor 0402–0805 (pulls/filters/feedback) 45.3k","any",acdc+card,2,0.5,0.4,0.4,0.3,1,1,RBKF1A RBKF1CARD
RC0805FR-074K7L,C60816,ORDERABLE,any,"small-signal resistor 0402–0805 (pulls/filters/feedback) 4.7k","any",dcdc+card,2,0.5,0.4,0.4,0.3,1,1,RPVDB RFLTC
GZ2012D601TF,C1017,ORDERABLE,any,"ferrite bead 600 Ω@100 MHz (VDDA feed — MR-7)","any",card,1,1.1,0.8,0.7,0.6,1,1,FBCARDA
CC0805KRX7R9BB471,C107152,ORDERABLE,any,"filter/decoupling MLCC 0402–0805 470pF","any",acdc,1,0.7,0.5,0.4,0.4,1,0,CCSF
CC1206KRX7R9BB472,C107208,ORDERABLE,any,"filter/decoupling MLCC 0402–0805 4.7nF","any",dcdc,1,0.7,0.5,0.4,0.4,1,0,CCGB
CL21B105KBFNNNE,C28323,ORDERABLE,any,"filter/decoupling MLCC 0402–0805 1uF","any",card,1,0.7,0.5,0.4,0.4,1,0,CCARDA1
CC0805KRX7R9BB222,C107146,ORDERABLE,any,"filter/decoupling MLCC 0402–0805 2.2nF","any",card,1,0.7,0.5,0.4,0.4,1,0,CAVF
RC0805FR-07330RL,C110440,ORDERABLE,any,"small-signal resistor 0402–0805 (pulls/filters/feedback) 330","any",acdc,1,0.5,0.4,0.4,0.3,0,0,RQDL
RC0805FR-0747KL,C126351,ORDERABLE,any,"small-signal resistor 0402–0805 (pulls/filters/feedback) 47k","any",acdc,1,0.5,0.4,0.4,0.3,0,0,RM15A
RC1206FR-07120RL,C114928,ORDERABLE,any,"small-signal resistor 0402–0805 (pulls/filters/feedback) 120","any",dcdc,1,0.5,0.4,0.4,0.3,0,0,RTERM
RC0805FR-074R7L,C137513,ORDERABLE,any,"small-signal resistor 0402–0805 (pulls/filters/feedback) 4.7","any",card,1,0.5,0.4,0.4,0.3,0,0,RAVI
RC0805JR-070RL,C96345,ORDERABLE,any,"card FLT wired-OR pull-up 4.7 k 0603 / AGND–DGND 0 Ω 0805 single-point tie (card-split rescue) 0R","any",card,1,0.5,0.4,0.4,0.3,0,0,RAGTC
BIAS-XFMR-SET,,CUSTOM,custom,"BIAS-XFMR multi-secondary set (E23) — RETIRED at 10k volume (modules permanent, E23 rev B)","—",acdc+dcdc,2,0,0,0,0,0,0,
MECH,,MECH,—,"PCB-ACDC 6L 440×500 (50 kW copper masses)","—",module,1,1495,1300,1209,1131,1300,1131,
MECH,,MECH,—,"PCB-DCDC 6L 440×500","—",module,1,1725,1500,1395,1305,1500,1305,
MECH,,MECH,—,"Heatsink extrusions (2, sandwich outer faces — 50 kW fin stock)","—",module,1,2185,1900,1767,1653,1900,1653,
MECH,,MECH,—,"Fans 120×38 PWM (3 front + 1 rear, 3.3 V-PWM p/n, dual-ball L10 ≥70 kh, IP55, −30…+70 °C — E52/E60; IP55 premium at RFQ)","—",module,4,322,280,260,244,1120,974,
MECH,,MECH,—,"Enclosure sheet metal + hardware (vented; NH00 fuse bases)","—",module,1,1150,1000,930,870,1000,870,
MECH,,MECH,—,"Busbars/interconnect studs + harness (busbar-calc, 167 A output class)","—",module,1,977,850,791,740,850,740,
MECH,,MECH,—,"NTC sensor assemblies (insulated tip spec, E25)","—",module,4,21,18,17,16,72,63,
MECH,,MECH,—,"TIM/insulators/fasteners","—",module,1,483,420,391,365,420,365,
MECH,,MECH,—,"Conformal coating (acrylic, both boards + card — E52/A11 rev B baseline)","—",module,1,414,360,335,313,360,313,
MECH,,MECH,—,"Assembly + calibration + EOL test","—",module,1,2300,2000,1860,1740,2000,1740,
TOTAL_ELECTRONIC,,,,,,,,,,,,40797,32362,
TOTAL_MODULE,,,,,,,,,,,,51319,41516,
