signal,pin,port,capability,how
CTL_KSER,2,PE3,"TIMER19_CH1","moved: PD1 stays CTL_KPRE [donor ULLC:PWM_L10H]"
CTL_KPARA,3,PE4,"TIMER19_MCH0","moved: PD4 stays FAN_TACH2 [donor ULLC:PWM_L9L]"
HMI_LAT,4,PE5,"TIMER19_MCH1","moved: PB12 is now PWM_L1H [donor ULLC:PWM_L10L]"
HMI_CLK,5,PE6,"TIMER19_MCH2","moved: PB13 is now PWM_L1L [donor ULLC:PWM_L11L]"
BTN1,7,PC13,"TIMER0_BRKIN0 — R3 audit fix; the only free TIMER0 break pin","moved: PD2 stays WDI_PFC (UPFC) [donor ULLC:FLT_LLC]"
WDI_LLC,11,PF10,"GPIO output","keep ULLC"
SNS_VMID,15,PC0,"ADC0_IN5 (regular rank 1)","keep UPFC"
SNS_VAC3,16,PC1,"ADC0_IN6 (regular rank 4)","keep UPFC"
SNS_VAC1,17,PC2,"ADC1_IN7 (regular rank 2)","keep UPFC"
T_INLET,18,PC3,"ADC0_IN8 (regular rank 5)","keep UPFC"
BTN2,19,PF2,"TIMER19_CH2","moved: PD3 stays FAN_TACH1 (UPFC) [donor ULLC:PWM_L11H]"
I_A0,20,PA0,"ADC0_IN0 (regular rank 0)","keep UPFC"
I_B0,21,PA1,"ADC1_IN1 (regular rank 0)","keep UPFC"
I_RES3,22,PA2,"ADC0_IN2","keep ULLC"
SNS_V24,27,PA5,"ADC1_IN12 (regular rank 4) - keep DAC0_OUT1 disabled","keep UPFC"
FLT,30,PC4,"HRTIMER_FLT7 (5V tolerant) — doc audit fix","merged FLT_PFC+FLT_LLC"
I_C0,32,PB0,"ADC2_IN11 (regular rank 0)","keep UPFC"
SNS_V15,33,PB1,"ADC2_IN0 (regular rank 4)","keep UPFC"
CTL_QDISBK,34,PB2,"GPIO output","keep ULLC"
I_RES1,38,PE7,"ADC2_IN3 (regular rank 2)","moved: PA0 stays I_A0 [donor UPFC:I_A2]"
SNS_VAC2,39,PE8,"ADC2_IN5 (regular rank 3)","keep UPFC"
T_PFC,41,PE10,"ADC3_IN13 (regular rank 4)","keep UPFC"
I_RES2,42,PE11,"ADC3_IN14 (regular rank 2)","moved: PA1 stays I_B0 [donor UPFC:I_B2]"
SNS_IOUT,43,PE12,"ADC3_IN15 (regular rank 3)","moved: PC0 stays SNS_VMID [donor UPFC:I_A3]"
SNS_IOUTN,44,PE13,"ADC2_IN2 (regular rank 1)","moved: PC1 stays SNS_VAC3 [donor UPFC:I_B1]"
SNS_VBUSP,45,PE14,"ADC3_IN0 (regular rank 0)","keep UPFC"
SNS_VOUT,46,PE15,"ADC3_IN1 (regular rank 1)","moved: PC2 stays SNS_VAC1 [donor UPFC:I_C1]"
EN_LLC,47,PB10,"GPIO output (pin is also TIMER0_BRKIN0 alt - spare break input)","keep ULLC"
HMI_DIG2,50,PB11,"GPIO output","keep ULLC"
PWM_L1H,51,PB12,"HRTIMER_ST2CH0 (lane1, carrier 90deg)","moved: leg1 H = ST2CH0 [donor UPFC:PWM_A1]"
PWM_L1L,52,PB13,"HRTIMER_ST2CH1 (lane1, carrier 90deg)","moved: leg1 L = ST2CH1 [donor UPFC:PWM_B1]"
HMI_DIG1,53,PB14,"GPIO output","keep ULLC"
HMI_DAT,54,PB15,"SPI1_MOSI","keep ULLC"
SNS_VBKB,55,PD8,"ADC3_IN11","keep ULLC"
SNS_VBKA,56,PD9,"ADC3_IN12","keep ULLC"
T_LLC,57,PD10,"ADC2_IN6","moved: PB0 stays I_C0 [donor ULLC:I_RES8]"
T_XFMR,58,PD11,"ADC2_IN7","moved: PB1 stays SNS_V15 [donor ULLC:I_RES9]"
FAN_PWM1,59,PD12,"TIMER3_CH0 (PWM out)","keep UPFC"
FAN_PWM2,60,PD13,"TIMER3_CH1 (PWM out)","keep UPFC"
CTL_KPREB,62,PD15,"GPIO output","keep ULLC"
PWM_L2H,67,PC8,"HRTIMER_ST4CH0 (lane2, carrier 180deg)","moved: leg2 H = ST4CH0 [donor UPFC:PWM_A2]"
PWM_L2L,68,PC9,"HRTIMER_ST4CH1 (lane2, carrier 180deg)","moved: leg2 L = ST4CH1 [donor UPFC:PWM_B2]"
PWM_A0,69,PA8,"HRTIMER_ST0CH0 (lane0, carrier 0deg)","keep UPFC"
PWM_B0,70,PA9,"HRTIMER_ST0CH1 (lane0, carrier 0deg)","keep UPFC"
PWM_C0,71,PA10,"HRTIMER_ST1CH0 (lane0, carrier 0deg)","keep UPFC"
RELAY_FB_KOUT,72,PA11,"GPIO input (5V tolerant)","keep ULLC"
RELAY_FB_KPREA,73,PA12,"GPIO input (5V tolerant)","keep ULLC"
RELAY_FB_KPREB,78,PA15,"GPIO input (JTDI released in SWD mode)","keep ULLC"
RELAY_FB_KSER,79,PC10,"USART2_TX","moved: PA8 stays PWM_A0; LINK dies with the second card [donor UPFC:LINK_TX]"
RELAY_FB_KPARA,80,PC11,"USART2_RX","moved: PA9 stays PWM_B0; LINK dies [donor UPFC:LINK_RX]"
RELAY_FB_KPRE,81,PC12,"GPIO input (precharge relay aux contact feedback)","keep UPFC"
EN_PFC,82,PD0,"GPIO (enable from DC-DC board)","keep UPFC"
CTL_KPRE,83,PD1,"GPIO output (precharge contactor drive)","keep UPFC"
WDI_PFC,84,PD2,"GPIO output (external watchdog kick)","keep UPFC"
FAN_TACH1,85,PD3,"TIMER1_CH0 (input capture, 32-bit)","keep UPFC"
FAN_TACH2,86,PD4,"TIMER1_CH1 (input capture, 32-bit)","keep UPFC"
CTL_QDIS,87,PD5,"GPIO output (bus discharge)","keep UPFC"
RELAY_FB_KPARB,88,PD6,"TIMER1_CH3 (input capture, 32-bit)","moved: PA10 stays PWM_C0 [donor UPFC:FAN_TACH4]"
CTL_KPARB,89,PD7,"GPIO output","keep ULLC"
CAN_RX,92,PB5,"CAN1_RX","keep ULLC"
CAN_TX,93,PB6,"CAN1_TX","keep ULLC"
CTL_KOUT,94,PB7,"GPIO output","keep ULLC"
CTL_KPREA,96,PB9,"GPIO output","keep ULLC"
PWM_L3H,97,PE0,"HRTIMER_ST6CH0 (lane3, carrier 270deg)","moved: leg3 H = ST6CH0 [donor UPFC:PWM_A3]"
PWM_L3L,98,PE1,"HRTIMER_ST6CH1 (lane3, carrier 270deg)","moved: leg3 L = ST6CH1 [donor UPFC:PWM_B3]"
